charid,c1,c2,c3,c4,c5,c6
1,"Transient Blossoms generated by Albedo's Abiogenesis: Solar Isotoma regenerate 1.2 Energy for Albedo.","Transient Blossoms generated by Abiogenesis: Solar Isotoma grant Albedo Fatal Reckoning for 30s:  Each stack of Fatal Reckoning increases DMG by of Albedo's DEF. The effect stacks up to 4 times.  Unleashing Rite of Progeniture: Tectonic Tide consumes all stacks of Fatal Reckoning, increasing the DMG dealt by the Tectonic Tide and Fatal Blossoms based on the number of stacks consumed.","Increases the level of Abiogenesis: Solar Isotoma by 3. Maximum upgrade level is 15.","Solar Isotoma increases Plunging Attack DMG by 30% for active party members within the AoE.","Increases the level of Rite of Progeniture: Tectonic Tide by 3. Maximum upgrade level is 15.","If active party members within the AoE are protected by a shield created by Crystallize, Solar Isotoma increases their DMG by 17%."
2,"The time has not yet come for this person's corner of the night sky to light up.","The time has not yet come for this person's corner of the night sky to light up.","The time has not yet come for this person's corner of the night sky to light up.","The time has not yet come for this person's corner of the night sky to light up.","The time has not yet come for this person's corner of the night sky to light up.","The time has not yet come for this person's corner of the night sky to light up."
3,"Fires 2 arrows per Aimed Shot. The second arrow deals 20% of the first arrow's DMG.","Baron Bunny, new and improved! Hitting Baron Bunny's foot with a fully-charged Aimed Shot manually detonates it. Explosion via manual detonation deals 200% additional DMG.","Increases the Level of Fiery Rain by 3. Maximum upgrade level is 15.","Decreases Explosive Puppet's CD by 20%. Adds 1 additional charge.","Increase the Level of Explosive Puppet by 3. Maximum upgrade level is 15.","Fiery Rain increases Amber's Movement SPD by 15% and Base ATK by 15% for 10s."
4,"Royal Descent: Behold, Itto the Evil!, Arataki Itto gains 2 stacks of Superlative Superstrength. After 1s, Itto will gain 1 stack of Superlative Superstrength every 0.5s for 1.5s.","Geo will decrease that skill's CD by 1.5s and restore 6 Energy to Arataki Itto. CD can be decreased by up to 4.5s in this manner. Max 18 Energy can be restored in this manner.","Masatsu Zetsugi: Akaushi Burst! by 3. Maximum upgrade level is 15.","When the Raging Oni King state caused by Royal Descent: Behold, Itto the Evil! ends, all nearby party members gain 20% DEF and 20% ATK for 10s.","Royal Descent: Behold, Itto the Evil! by 3. Maximum upgrade level is 15.","Arataki Itto's Charged Attacks deal +70% Crit DMG. Additionally, when he uses Arataki Kesagiri, he has a 50% chance to not consume stacks of Superlative Superstrength."
5,"When Kamisato Ayaka's Normal or Charged Attacks deal Cryo DMG to opponents, it has a 50% chance of decreasing the CD of Kamisato Art: Hyouka by 0.3s. This effect can occur once every 0.1s.","When casting Kamisato Art: Soumetsu, unleashes 2 smaller additional Frostflake Seki no To, each dealing 20% of the original storm's DMG.","Increases the Level of Kamisato Art: Soumetsu by 3. Maximum upgrade level is 15.","Opponents damaged by Kamisato Art: Soumetsu's Frostflake Seki no To will have their DEF decreased by 30% for 6s.","Increases the Level of Kamisato Art: Hyouka by 3. Maximum upgrade level is 15.","Kamisato Ayaka gains Usurahi Butou every 10s, increasing her Charged Attack DMG by 298%. This buff will be cleared 0.5s after Ayaka's Charged ATK hits an opponent, after which the timer for this ability will restart.  "
6,"Shunsuiken DMG is increased by 40% against opponents with 50% HP or less.","Namisen's maximum stack count is increased to 5. When Kamisato Ayato has at least 3 Namisen stacks, his Max HP is increased by 50%.","Increases the Level of Kamisato Art: Kyouka by 3. Maximum upgrade level is 15.","After using Kamisato Art: Suiyuu, all nearby party members will have 15% increased Normal Attack SPD for 15s.","Increase the Level of Kamisato Art: Suiyuu by 3. Maximum upgrade level is 15.","After using Kamisato Art: Kyouka, Ayato's next Shunsuiken attack will create 2 extra Shunsuiken strikes when they hit opponents, each one dealing 450% of Ayato's ATK as DMG. Both these Shunsuiken attacks will not be affected by Namisen."
7,"Barbara regenerates 1 Energy every 10s.","Decreases the CD of Let the Show Begin by 15%. During the ability's duration, the current character gains 15% Hydro DMG Bonus.","Increases the Level of Shining Miracle by 3. Maximum upgrade level is 15.","Every enemy hit by Barbara's Charged Attack regenerates 1 Energy for her. A maximum of 5 energy can be regenerated in this manner with any one Charged Attack.","Increase the Level of Let the Show Begin by 3. Maximum upgrade level is 15.","When Barbara is not on the field, and the character in play falls: Automatically revives this character. Fully regenerates this characters HP by 100%. This effect can only occur once every 15 mins."
8,"When Stormbreaker is used: Creates a shield that absorbs up to 16% of Beidou's Max HP for 15s. This shield absorbs Electro DMG 250% more effectively.","Stormbreaker's arc lightning can jump 2 additional targets.","Increases the Level of Tidecaller by 3. Maximum upgrade level is 15.","Within 10s of taking DMG, Beidou's Normal Attacks gain 20% additional Electro DMG.","Increase the Level of Stormbreaker by 3. Maximum upgrade level is 15.","During the duration of Stormbreaker, the Electro RES of surrounding enemies is decreased by 15%."
9,"Fantastic Voyage's ATK increases no longer has an HP restriction, and gains an additional 20% Base ATK.","When Bennett's HP falls below 70%, his Energy Recharge is increased by 30%.","Increases the Level of Passion Overload by 3. Maximum upgrade level is 15.","Using a Normal Attack when executing the second attack of Passion Overload's Charge Level 1 allows an additional attack to be performed. This additional attack does 135% of the second attack's DMG.","Increase the Level of Fantastic Voyage by 3. Maximum upgrade level is 15.","Sword, Claymore, or Polearm-wielding characters inside Fantastic Voyage's radius gain a 15% Pyro DMG Bonus. Normal and Charged Attacks now do Pyro DMG."
10,"The last attack of Chongyun's Normal Attack combo releases 3 ice blades. Each blade deals 50% of Chongyun's ATK as Cryo DMG to all enemies in its path.","Elemental Skills and Elemental Bursts cast within the Frost Field created by Spirit Blade - Chongyun's Layered Frost have their CD time decreased by 15%.","Increases the Level of Spirit Blade - Cloud-parting Star by 3. Maximum upgrade level is 15.","Chongyun regenerates 1 Energy every time he hits an enemy affected by Cold or Frozen status effects. This effect can only occur once every 2s.","Increases the level of Spirit Blade - Chongyun's Layered Frost by 3. Maximum upgrade level is 15.","Spirit Blade - Cloud-parting Star deals 15% more DMG to enemies with a lower percentage of their Max HP remaining than Chongyun. This skill will also summon 1 additional spirt blade."
11,"When in the party and not on the field, Collei's Energy Recharge is increased by 20%.","The Passive Talent Floral Sidewinder is changed to this: The Floral Ring will grant the character the Sprout effect from Floral Sidewinder upon return, dealing 40% of Collei's ATK as Dendro DMG to nearby opponents for 3s. From the moment of using Floral Brush to the moment when this instance of Sprout effect ends, if any of your party members triggers Burning, Quicken, Aggravate, Spread, Bloom, Hyperbloom, or Burgeon reactions, the Sprout effect will be extended by 3s. The Sprout effect can only be extended this way once. If another Sprout effect is triggered during its initial duration, the initial effect will be removed. Requires you to have unlocked the Floral Sidewinder Passive Talent.","Increases the Level of Floral Brush by 3. Maximum upgrade level is 15.","Using Trump-Card Kitty will increase all nearby characters' Elemental Mastery by 60 for 12s (not including Collei herself).","Increases the Level of Trump-Card Kitty by 3. Maximum upgrade level is 15.","When the Floral Ring hits opponents, it will create a miniature Cuilein-Anbar that will deal 200% of Collei's ATK as Dendro DMG. Each Floral Brush can only create one such miniature Cuilein-Anbar."
12,"Diluc deals 15% more DMG to enemies whose HP is above 50%.","When Diluc takes DMG, his Base ATK increases by 10% and his ATK SPD increases by 5%. Lasts for 10s. This effect can stack up to 3 times and can only occur once every 1.5s.","Increases the Level of Searing Onslaught by 3. Maximum upgrade level is 15.","Casting Searing Onslaught in sequence greatly increases damage dealt. Within 2s of using Searing Onslaught, casting the next Searing Onslaught in the combo deals 40% additional DMG. This effect lasts for the next 2s.","Increases the level of Dawn by 3. Maximum upgrade level is 15.","After casting Searing Onslaught, the next 2 Normal Attacks within the next 6s will have their DMG and ATK SPD increased by 30%. Additionally, Searing Onslaught will not interrupt the Normal Attack combo."
13,"Regenerates 15 Energy for Diona after the effects of Signature Mix end.","Increases Icy Paws' DMG by 15%, and increases its shield's DMG Absorption by 15%. Additionally, when paws hit their targets, creates a shield for other nearby characters on the field with 50% of the Icy Paws shield's DMG Absorption for 5s.","Increases the Level of Signature Mix by 3. Maximum upgrade level is 15.","Within the radius of Signature Mix, Diona's charge time for aimed shots is reduced by 60%.","Increases the level of Icy Paws by 3. Maximum upgrade level is 15.","Characters within Signature Mix's radius will gain the following effects based on their HP amounts: Increasing Incoming Healing Bonus by 30% when HP falls below or is equal to 50%. Elemental Mastery is increased by 200 when HP is above 50%."
14,"Every time Icetide Vortex's Grimheart stacks are consumed, Eula's Physical DMG is increased by 30% for 6s. Each stack consumed will increase the duration of this effect by 6s up to a maximum of 18s.","Decreases the CD of Icetide Vortex's Holding Mode, rendering it identical to Tapping CD.","Increases the Level of Glacial Illumination Mix by 3. Maximum upgrade level is 15.","Lightfall Swords deal 25% increased DMG against opponents with less than 50% HP.","Increases the level of Icetide Vortex by 3. Maximum upgrade level is 15.","Lightfall Swords created by Glacial Illumination start with 5 stacks of energy. Normal Attacks, Elemental Skills, and Elemental Bursts have a 50% chance to grant the Lightfall Sword an additional stack of energy."
15,"Even when Oz is not present in combat, he can still watch over Fischl through his raven eyes. When Fischl attacks an enemy, Oz fires a joint attack, dealing 22% of ATK DMG.","When Nightrider is used, it deals an additional 200% ATK as DMG, and its AoE is increased by 50%.","Increases the Level of Nightrider by 3. Maximum upgrade level is 15.","When Midnight Phatasmagoria is used, it deals 222% of ATK as Electro DMG to surrounding enemies. When the skill duration ends, Fischl regenerates 20% of her HP.","Increase the Level of Midnight Phantasmagoria by 3. Maximum upgrade level is 15.","Increases the duration of Oz's summoning by 2s. Additionally, Oz attacks with the current character when present, dealing 30% of Fischl's ATK as Electro DMG."
16,"Taking DMG from a Charge Level 2 Frostflake Arrow or Frostflake Arrow Bloom decreases opponents' Cryo RES by 15% for 6s.  A hit regenerates 2 Energy for Ganyu. This effect can only occur once per Charge Level Frostflake Arrow, regardless if Frostflake Arrow itself or its Bloom hit the target.","Trail of the Qilin gains 1 additional charge.","Increases the Level of Celestial Shower by 3. Maximum upgrade level is 15.","Opponents standing within the AoE of Celestial Shower take increased DMG. This effect strengthens over time. Increased DMG taken begins at 5% and increases by 5% every 3s, up to a maximum of 25%. The effect lingers for 3s after the opponent leaves the AoE.","Increases the Level of Trail of the Qilin by 3. Maximum upgrade level is 15.","Using Trail of the Qilin causes the next Frostflake Arrow shot within 30s to not require charging."
17,"When characters (other than Gorou) within the AoE of Gorou's General's War Banner or General's Glory deal Geo DMG to opponents, the CD of Gorou's Inuzaka All-Round Defense is decreased by 2s. This effect can occur once every 10s.","While General's Glory is in effect, its duration is extended by 1s when a nearby active character obtains an Elemental Shard from a Crystallize reaction. This effect can occur once every 0.1s. Max extension is 3s.","Increases the Level of Inuzaka All-Round Defense by 3. Maximum upgrade level is 15.","When General's Glory is in the 'Impregnable' or 'Crunch' states, it will also heal active characters within its AoE by 50% of Gorou's own DEF every 1.5s.","Increases the Level of Juuga: Forward Unto Victory by 3. Maximum upgrade level is 15.","For 12s after using Inuzaka All-Round Defense or Juuga: Forward Unto Victory, increases the CRIT DMG of all nearby party members' Geo DMG based on the buff level of the skill's field at the time of use: - 'Standing Firm': +10% - 'Impregnable': +20% - 'Crunch': +40% This effect cannot stack and will take reference from the last instance of the effect that is triggered."
18,"While in a Paramita Papilio state activated by Guide to Afterlife, Hu Tao's Charge Attacks do not consume Stamina.","Increases the Blood Blossom DMG by an amount equal to 10% of Hu Tao's Max HP at the time the effect is applied. Additionally, Spirit Soother will also apply the Blood Blossom effect.","Increases the Level of Guide to Afterlife by 3. Maximum upgrade level is 15.","Upon defeating an enemy affected by a Blood Blossom, that Hu Tao applied herself, all nearby allies in the party (excluding Hu Tao herself) will have their CRIT Rate increased by 12% for 15s.","Increase the Level of Spirit Soother by 3. Maximum upgrade level is 15.","Triggers when Hu Tao's HP drops below 25%, or when she suffers a lethal strike: Hu Tao will not fall as a result of the DMG sustained. Additionally, for the next 10s, all of her Elemental and Physical RES is increased by 200%, her CRIT Rate is increased by 100%, and her resistance to interruption is greatly increased. This effect triggers automatically when Hu Tao has 1 HP left. Can only occur once every 60s."
19,"Increases the pulling speed of Gale Blade after holding for more than 1s, and increases the DMG dealt by 40%.","When Jean picks up an Elemental Orb/Particle, all party members have their Movement SPD and ATK SPD increased by 15% for 15s.","Increases the Level of Dandelion Breeze by 3. Maximum upgrade level is 15.","Within the Field created by Dandelion Breeze, all enemies have their Anemo RES decreased by 40%.","Increase the Level of Gale Blade by 3. Maximum upgrade level is 15.","Incoming DMG is decreased by 35% within the Field created by Dandelion Breeze. Upon leaving the Dandelion Field, this effect lasts for 3 attacks or 10s."
20,"The CRIT Rate of Normal Attack and Charged Attack DMG against enemies affected by the Cold or Frozen status effects is increased by 15%.","Every time Glacial Waltz defeats an enemy, its duration is increased by 2.5s, up to a maximum of 15s.","Increases the Level of Frostgnaw by 3. Maximum upgrade level is 15.","Triggers automatically when Kaeya's HP falls below 20%: Creates a shield that absorbs damage equal to 30% of Kaeya's Max HP. Lasts for 20s. This shield absorbs Cryo DMG with 250% efficiency. Can only occur once every 60s.","Increase the Level of Glacial Waltz by 3. Maximum upgrade level is 15.","Glacial Waltz will generate 1 additional icicle, and will regenerate 15 Energy when cast."
21,"Decreases Chihayaburu's CD by 10%. Using Kazuha Slash resets the CD of Chihayaburu.","The Autumn Whirlwind field created by Kazuha Slash has the following effects: - Increases Kaedehara Kazuha's own Elemental Mastery by 200. - Increases the Elemental Mastery of characters within the field by 200. The Elemental Mastery-increasing effects of this Constellation do not stack.","Increases the Level of Chihayaburu by 3. Maximum upgrade level is 15.","When Kaedehara Kazuha's Energy is lower than 45, he obtains the following effects: -Pressing or Holding Chihayaburu regenerates 3 or 4 Energy for Kaedehara Kazuha, respectively. - When gliding, Kaedehara Kazuha regenerates 2 Energy per second.","Increase the Level of Kazuha Slash by 3. Maximum upgrade level is 15.","After using Chihayaburu or Kazuha Slash, Kaedehara Kazuha gains an Anemo Infusion for 5s. Additionally, each point of Elemental Mastery will increase the DMG dealt by Kaedehara Kazuha's Normal, Charged, and Plunging Attack by 0.2%."
22,"Recasting Stellar Restoration while a Lightning Stiletto is present causes Keqing to deal 50% of her ATK as AoE Electro DMG at the start point and terminus of her Blink.","When Keqing's Normal and Charged Attack's hit enemies affected by Electro, they have a 50% chance of producing an Elemental Particle. This effect can only occur once every 5s.","Increases the Level of Starward Sword by 3. Maximum upgrade level is 15.","For 10s after Keqing triggers an Electro-related Elemental Reaction, her ATK is increased by 25%.","Increase the Level of Stellar Restoration by 3. Maximum upgrade level is 15.","When initiating a Normal Attack, Charged Attack, Elemental Skill or Elemental Burst, Keqing gains a 6% Electro DMG Bonus for 8s. Effects triggered by Normal Attacks, Charged Attacks, Elemental Skills and Elemental Bursts are considered independent entities."
23,"Attacks and Skills have a certain chance to summon a spark that bombards enemies, dealing DMG equal to 120% of Sparks 'n' Splash's DMG.","Being hit by Jumpy Dumpty's mines decreases enemy DEF by 23% for 10s.","Increases the Level of Jumpy Dumpty by 3. Maximum upgrade level is 15.","If Klee leaves the field during the duration of Sparks 'n' Splash, her departure triggers an explosion that deals 555% of her ATK as AoE Pyro DMG.","Increase the Level of Sparks 'n' Splash by 3. Maximum upgrade level is 15.","While under the effects of Sparks 'n' Splash, other members of the party will continuously regenerate Energy. When Sparks 'n' Splash is used, all party members will gain 10% Pyro DMG Bonus for 25s."
24,"While donning the Ceremonial Garment created by Nereid's Ascension, the final Normal Attack in Sangonomiya Kokomi's combo will unleash a swimming fish to deal 30% of her Max HP as Hydro DMG. This DMG is not considered Normal Attack DMG.","Sangonomiya Kokomi gains the following Healing Bonuses with regard to characters with 50% or less HP via the following methods: Kurage's Oath Bake-Kurage: 4.5% of Kokomi's Max HP. Nereid's Ascension Normal and Charged Attacks: 0.6% of Kokomi's Max HP.","Increases the Level of Nereid's Ascension by 3. Maximum upgrade level is 15.","While donning the Ceremonial Garment created by Nereid's Ascension, Sangonomiya Kokomi's Normal Attack SPD is increased by 10%, and Normal Attacks that hit opponents will restore 0.8 Energy for her. This effect can occur once every 0.2s.","Increases the Level of Kurage's Oath by 3. Maximum upgrade level is 15.","While donning the Ceremonial Garment created by Nereid's Ascension, Sangonomiya Kokomi gains a 40% Hydro DMG Bonus for 4s after her Normal and Charged Attacks heal a character with 80% or more HP."
25,"Gyoei Narukami Kariyama Rite's AoE is increased by 50%.","Grass Ring of Sanctification's duration is increased by 3s.","Increases the Level of Sanctifying Ring by 3. Maximum upgrade level is 15.","When the Normal, Charged, or Plunging Attacks of the character affected by Shinobu's Grass Ring of Sanctification hit opponents, a Thundergrass Mark will land on the opponent's position and deal AoE Electro DMG based on 9.7% of Shinobu's Max HP. This effect can occur once every 5s.","Increases the Level of Gyoei Narukami Kariyama Rite by 3. Maximum upgrade level is 15.","When Kuki Shinobu takes lethal DMG, this instance of DMG will not take her down. This effect will automatically trigger when her HP reaches 1 and will trigger once every 60s. When Shinobu's HP drops below 25%, she will gain 150 Elemental Mastery for 15s. This effect will trigger once every 60s."
26,"Lisa recovers 2 Energy for every opponent hit while holding Violet Arc. A maximum of 10 Energy can be regenerated in this manner at any one time.","Holding Violet Arc has the following effects: Increases DEF by 25%. Increases Lisa's resistance to interruption.","Increases the Level of Lightning Rose by 3. Maximum upgrade level is 15.","Increases the number of lightning bolts released by Lightning Rose by 1-3.","Increase the Level of Violet Arc by 3. Maximum upgrade level is 15.","When Lisa takes the field, she applies 3 stacks of Violet Arc's Conductive status onto nearby enemies. This effect can only occur once every 5s."
27,"The effects of Hydro-related Elemental Reactions are enhanced for 8s after a character hits an enemy affected by an Omen: Electro-Charged DMG is increased by 15%. Vaporize DMG is increased by 15%. Hydro Swirl DMG is increased by 15%. The duration for which enemies are Frozen is increased by 15%.","When a Normal Attack hits, there is a 20% chance that it will be automatically followed by a Charged Attack. This effect can only occur once every 5s.","Increases the Level of Stellaris Phantasm by 3. Maximum upgrade level is 15.","When a character attacks an enemy affected by the Omen status effect, their CRIT Rate is increased by 15%.","Increase the Level of Mirror Reflection of Doom by 3. Maximum upgrade level is 15.","Upon entering Illusory Torrent, Mona gain a 60% increase to the DMG her next Charged Attack per second of movement. A maximum DMG Bonus of 180% can be achieved in this manner. The effect lasts for no more than 8s."
28,"When a Normal Attack hits, it deals AoE DMG.","When Jade Screen is shattered, its CD will reset. Can occur once every 6s.","Increases the Level of Starshatter by 3. Maximum upgrade level is 15.","Jade Screen increases nearby characters' Elemental RES by 10%.","Increase the Level of Jade Screen by 3. Maximum upgrade level is 15.","When Starshatter is used, Ningguang gains 7 Star Jades."
29,"While Sweeping Time and Breastplate are both in effect, the chance of Breastplate's healing effects activating is increased to 100%.","Decreases the Stamina Consumption of Noelle's Charged Attacks by 20% and increases her Charged Attack DMG by 15%.","Increases the Level of Breastplate by 3. Maximum upgrade level is 15.","When Breastplate's duration expires or it is destroyed by DMG, it will deal 400% ATK of Geo DMG to surrounding enemies.","Increase the Level of Sweeping Time by 3. Maximum upgrade level is 15.","Sweeping Time increases Noelle's ATK by an additional 50% of her DEF. Additionally, every enemy defeated during the skill's duration adds 1s to the duration, up to 10s."
30,"When the Herald of Frost hits an enemy marked by a Fortune-Preserving Talisman, Qiqi regenerates 2 Energy.","Qiqi's Normal and Charge Attack DMG against enemies affected by Cryo is increased by 15%.","Increases the Level of Adeptus Art: Preserver of Fortune by 3. Maximum upgrade level is 15.","Targets marked by the Fortune-Preserving Talisman have their ATK decreased by 20%.","Increase the Level of Adeptus Art: Herald of Frost by 3. Maximum upgrade level is 15.","Using Adeptus Art: Preserve of Fortune revives all nearby fallen characters and regenerates 50% of their HP. This effect can only occur once every 15 mins."
31,"Chakra Desiderata will gather Resolve even faster. When Electro characters use their Elemental Bursts, the Resolve gained is increased by 80%. When characters of other Elemental Types use their Elemental Bursts, the Resolve gained is increased by 20%.","While using Musou no Hitotachi and in the Musou Isshin state applied by Secret Art: Musou Shinsetsu, the Raiden Shogun's attacks ignore 60% of opponents's DEF.","Increases the Level of Secret Art: Musou Shinsetsu by 3. Maximum upgrade level is 15.","When the Musou Isshin state applied by Secret Art: Musou Shinsetsu expires, all nearby party members (excluding the Raiden Shogun) gain 30% bonus ATK for 10s.","Increases the Level of Transcendence: Baleful Omen by 3. Maximum upgrade level is 15.","While in the Musou Isshin state applied by Secret Art: Musou Shinsetsu, attacks by the Raiden Shogun that are considered part of her Elemental Burst will decrease all nearby party members' (but not including the Raiden Shogun herself) Elemental Burst CD by 1s when they hit opponents. This effect can trigger once every 1s, and can trigger a total of 5 times during the state's duration."
32,"Picking up an Elemental Orb or Particle increases Razor's DMG by 10% for 8s.","Increases CRIT Rate against enemies with less than 30% HP by 10%.","Increases the Level of Lightning Fang by 3. Maximum upgrade level is 15.","When casting Claw and Thunder (Press), enemies hit will have their DEF decreased by 15% for 7s.","Increase the Level of Claw and Thunder by 3. Maximum upgrade level is 15.","Every 10s, Razor's sword charges up, causing the next Normal Attack to release lightning that deals 100% of Razor's ATK as Electro DMG. When Razor is not using Lightning Fang, a lightning strike on an enemy will grant Razor an Electro Sigil for Claw and Thunder."
33,"When Rosaria deals a CRIT Hit, her ATK SPD increases by 10% and her Normal Attack DMG increases by 10% for 4s.","The duration of the Ice Lance created by Rites of Termination is increased by 4s.","Increases the Level of Ravaging Confession by 3. Maximum upgrade level is 15.","Ravaging Confession's CRIT Hits regenerate 5 Energy for Rosaria. Can only be triggered once each time Ravaging Confession is cast.","Increases the Level of Rites of Termination by 3. Maximum upgrade level is 15.","Rites of Termination's attack decreases opponents' Physical RES by 20% for 10s."
34,"When Tengu Juurai grant characters ATK Bonuses or hits opponents, the CD of Tengu Stormcall is decreased by 1s. This effect can be triggered once every 3s.","Unleashing Tengu Stormcall will leave a weaker Crowfeather at Kujou Sara's original position that will deal 30% of its original DMG.","Increases the Level of Subjugation: Koukou Sendou by 3. Maximum upgrade level is 15.","The number of Tengu Juurai: Stormcluster released by Subjugation: Koukou Sendou is increased to 6.","Increases the Level of Tengu Stormcall by 3. Maximum upgrade level is 15.","The Electro DMG of characters who have had their ATK increased by Tengu Juurai has its Crit DMG increased by 60%."
35,"The Muji-Muji Daruma created by Yoohoo Art: Mujina Flurry will ignore HP limits and can simultaneously attack nearby opponents and heal characters.","Yoohoo Art: Fuuin Dash gains the following effects: DMG of Fuufuu Whirlwind Kick in Tapping (mobile)/Press (PC & PlayStation) Mode increased by 3.3%. Every 0.5s in the Fuufuu Windwheel state will increase the DMG of this Fuufuu Whirlwind Kick by 3.3%. The maximum DMG increase possible through this method is 66%.","Increases the Level of Yoohoo Art: Mujina Flurry by 3. Maximum upgrade level is 15.","Sayu recovers 1.2 Energy when she triggers a Swirl reaction. This effect occurs once every 2s.","Increases the Level of Yoohoo Art: Fuuin Dash by 3. Maximum upgrade level is 15.","The Muji-Muji Daruma created by Sayu's Yoohoo Art: Mujina Flurry will now also benefit from her Elemental Mastery. Each point of Sayu's Elemental Mastery will produce the following effects: Increases the damage dealt by the Muji-Muji Daruma's attacks by 0.2% ATK. A maximum of 400% ATK can be gained via this method. Increases the HP restored by the Muji-Muji Daruma by 3. A maximum of 6,000 additional HP can be restored in this manner."
36,"Spring Spirit Summoning can be used 1 more time.","Divine Maiden's Deliverance lasts for 6 seconds longer. Active characters within the skill's field deals 15% increased Cryo CRIT DMG.","Increases the Level of Spring Spirit Summoning by 3. Maximum upgrade level is 15.","When characters under the effect of Icy Quill applied by Shenhe trigger its DMG Bonus effects, Shenhe will gain a Skyfrost Mantra stack: - When Shenhe uses Spring Spirit Summoning, she will consume all stacks of Skyfrost Mantra, increasing the DMG of that Spring Spirit Summoning by 5% for each stack consumed. - Max 50 stacks. Stacks last for 60s.","Increases the Level of Divine Maiden's Deliverance by 3. Maximum upgrade level is 15.","When characters trigger Icy Quill's effects using Normal and Charged Attack DMG, it does not count toward the Trigger Quota."
37,"For 5s after Shikanoin Heizou takes the field, his Normal Attack SPD is increased by 15%. He also gains 1 Declension stack for Heartstopper Strike. This effect can be triggered once every 10s.","The pull effect of the Arresting Windtunnel created by Windmuster Kick is enhanced, and its duration is increased to 1s.","Increases the Level of Heartstopper Strike by 3. Maximum upgrade level is 15.","The first Windmuster Iris explosion in each Windmuster Kick will regenerate 9 Elemental Energy for Shikanoin Heizou. Every subsequent explosion in that Windmuster Kick will each regenerate an additional 1.5 Energy for Heizou. One Windmuster Kick can regenerate a total of 13.5 Energy for Heizou in this manner.","Increases the Level of Windmuster Kick by 3. Maximum upgrade level is 15.","Each Declension stack will increase the CRIT Rate of the Heartstopper Strike unleashed by 4%. When Heizou possesses Conviction, this Heartstopper Strike's CRIT DMG is increased by 32%."
38,"Astable Anemohypostasis Creation - 6308 gains 1 additional charge.","The duration of Forbidden Creation - Isomer 75 / Type II is increased by 2s.","Increases the Level of Astable Anemohypostasis Creation - 6308 by 3. Maximum upgrade level is 15.","Every 7 Normal and Charged Attacks, Sucrose will reduce the CD of Astable Anemohypostasis Creation - 6308 by 1-7s.","Increase the Level of Forbidden Creation - Isomer 75 / Type II by 3. Maximum upgrade level is 15.","If Forbidden Creation - Isomer 75 / Type II triggers an Elemental Absorption, all party members gain a 20% Elemental DMG Bonus for the corresponding absorbed element during its duration."
39,"Decreases the CD of Foul Legacy: Raging Tide by 20%.","When opponents affected by Riptide are defeated, Tartaglia regenerates 4 Elemental Energy.","Increases the Level of Foul Legacy: Raging Tide by 3. Maximum upgrade level is 15.","If Tartaglia is in Foul Legacy: Raging Tide's Melee Stance, triggers Riptide Slash against opponents on the field affected by Riptide every 4s, otherwise, triggers Riptide Flash. Riptide Slashes and Riptide Flashes triggered by this Constellation effect are not subject to the time intervals that would typically apply to these two Riptide effects, nor do they have any effect on those time intervals.","Increase the Level of Havoc: Obliteration by 3. Maximum upgrade level is 15.","When Havoc: Obliteration is cast in Melee Stance, the CD of Foul Legacy: Raging Tide is reset. This effect will only take place once Tartaglia returns to his Ranged Stance."
40,"When a character protected by Thoma's own Blazing Barrier (Thoma excluded) is attacked, Thoma's own Blazing Blessing CD is decreased by 3s, while his own Crimson Ooyoroi's CD is decreased by 3s. This effect can be triggered once every 20s.","Crimson Ooyoroi's duration is increased by 3s. ","Increases the Level of Blazing Blessing by 3. Maximum upgrade level is 15. ","After using Crimson Ooyoroi, 15 Energy will be restored to Thoma. ","Increases the Level of Crimson Ooyoroi by 3. Maximum upgrade level is 15.","When a Blazing Barrier is obtained or refreshed, the DMG dealt by all party members' Normal, Charged, and Plunging Attacks is increased by 15% for 6s."
41,"Tighnari's Charged Attack CRIT Rate is increased by 15%.","When there are opponents within the Vijnana-Khanda Field created by Vijnana-Phala Mine, Tighnari gains 20% Dendro DMG Bonus. The effect will last up to 6s if the field's duration ends or if it no longer has opponents with it.","Increases the Level of Fashioner's Tanglevine Shaft by 3. Maximum upgrade level is 15.","When Fashioner's Tanglevine Shaft is unleashed, all nearby party members gain 60 Elemental Mastery for 8s. If the Fashioner's Tanglevine Shaft triggers a Burning, Bloom, Quicken, or Spread reaction, their Elemental Mastery will be further increased by 60. This latter case will also refresh the buff state's duration.","Increases the level of Vijnana-Phala Mine by 3. Maximum upgrade level is 15.","Wreath Arrow's charging time is decreased by 0.9s, and will produce 1 additional Clusterbloom Arrow upon hit. This arrow deals 150% of Tighnari's ATK as DMG."
42,"Palm Vortex pulls in opponents and objects within a 5m radius.","Increases Energy Recharge by 16%.","Increases the level of Gust Surge by 3. Maximum upgrade level is 15.","Reduces DMG taken while casting Palm Vortex by 10%.","Increases the level of Palm Vortex by 3. Maximum upgrade level is 15.","Targets who take DMG from Gust Surge have their Anemo RES decreased by 20%. If an Elemental Absorption occurred, then their RES towards the corresponding Element is also decreased by 20%."
43,"After Razorgrass Blade hits an opponent, it will regenerate 3.5 Energy for the Traveler.","Lea Lotus Lamp's duration is increased by 3s.","Increases the Level of Razorgrass Blade by 3. Maximum upgrade level is 15.","After the Lea Lotus Lamp triggers a Lotuslight Transfiguration, it will obtain 5 stacks of the Overflowing Lotuslight effect from the Passive Talent 'Verdant Overgrowth.' You must have unlocked this Passive Talent first.","Increases the Level of Surgent Manifestation by 3. Maximum upgrade level is 15.","The Dendro DMG Bonus of the character under the effect of Overflowing Lotuslight as created by the Lea Lotus Lamp is increased by 12%. If the Lamp has experienced a Lotuslight Transfiguration previously, the character will also gain 12% DMG Bonus for the corresponding element."
44,"The number of Abundance Amulets that can be generated using Lightning Blade is increased to 3.","When Falling Thunder created by Bellowing Thunder hits an opponent, it will decrease their Electro RES by 15% for 8s.","Increases the Level of Bellowing Thunder by 3. Maximum upgrade level is 15.","When a character obtains Abundance Amulets generated by Lightning Blade, if this character's Energy is less than 35%, the Energy restored by the Abundance Amulets is increased by 100%.","Increases the Level of Lightning Blade by 3. Maximum upgrade level is 15.","Every 2 Falling Thunder attacks triggered by Bellowing Thunder will increase the DMG dealt by the next Falling Thunder by 200%, and will restore an additional 1 Energy to the current character."
45,"Party members within the radius of Wake of Earth have their CRIT Rate increased by 10% and have increased resistance against interruption.","When the meteorite created by Starfell Sword is destroyed, it will also explode, dealing additional AoE Geo DMG equal to the amount of damage dealt by Starfell Sword.","Increases the level of Wake of Earth by 3. Maximum upgrade level is 15.","The shockwave triggered by Wake of Earth regenerates 5 Energy for every enemy hit. A maximum of 25 Energy can be recovered in this manner.","Increases the level of Starfell Sword by 3. Maximum upgrade level is 15.","The barrier created by Wake of Earth lasts 5s longer. The meteorite created by Starfell Sword lasts 10s longer."
46,"Fires 2 additional arrows per Aimed Shot, each dealing 33% of the original arrow's DMG.","Skyward Sonnet decreases enemy Anemo RES by 12% for 10s. Enemies launched by Skyward Sonnet suffer an additional 12% Anemo RES and Physical RES decrease while airborne.","Increases the Level of Wind's Grand Ode by 3. Maximum upgrade level is 15.","When Venti picks up an Elemental Orb or Particle, he receives a 25% Anemo DMG Bonus for 10s.","Increase the Level of Skyward Sonnet by 3. Maximum upgrade level is 15.","Targets who take DMG from Wind's Grand Ode have their Anemo RES decreased by 20%. If an Elemental Absorption occurred, then their RES towards the corresponding Element is also decreased by 20%."
47,"Enemies hit by Guoba's attacks have their Pyro RES reduced by 15% for 6s.","The last attack in a Normal Attack sequence applies the Implode status onto the enemy for 2s. An explosion will occur once this duration ends, dealing 75% of Xiangling's ATK as AoE Pyro DMG.","Increases the Level of Pyronado by 3. Maximum upgrade level is 15.","Pyronado's duration is increased by 40%.","Increase the Level of Guoba Attack by 3. Maximum upgrade level is 15.","For the duration of Pyronado, all party members receive a 15% Pyro DMG Bonus."
48,"Increases Lemniscatic Wind Cycling's charges by 1.","When in party but not the currently active character, Xiao's Energy Recharge is increased by 25%.","Increases the Level of Lemniscatic Wind Cycling by 3. Maximum upgrade level is 15.","When Xiao's HP falls below 50%, gains a 100% DEF Bonus.","Increase the Level of Bane of All Evil by 3. Maximum upgrade level is 15.","During Bane of All Evil, hitting 2 or more enemies with a Charged Attack grants Lemniscatic Wind Cycling 1 additional charge and reduces Lemniscatic Wind Cycling's CD by 1s."
49,"Increases the maximum number of Rain Swords by 1.","Extends the duration of Guhua Sword - Raincutter by 3s. Decreases the Hydro RES of enemies hit by sword rain attacks by 15% for 4s.","Increases the Level of Guhua Sword - Raincutter by 3. Maximum upgrade level is 15.","Throughout the duration of Guhua Sword: Raincutter, the DMG dealt by Guhua Sword: Fatal Rainscreen is increased by 50%.","Increase the Level of Guhua Sword - Fatal Rainscreen by 3. Maximum upgrade level is 15.","Activating 2 of Guhua Sword - Raincutter's sword rain attacks greatly increases the DMG of the third. Xingqiu regenerates 3 Energy when sword rain attacks hit enemies."
50,"Upon scoring a CRIT hit, increases ATK SPD of Xinyan's Normal and Charged Attacks by 12% for 5s. Can only occur once every 5s.","Riff Revolution Physical DMG has its Crit rate increased by 100%, and will form a shield at Shield Level 3: Rave when cast.","Increases the Level of Sweeping Fervor by 3. Maximum upgrade level is 15.","Sweeping Fervor's swing DMG decrease opponents Physical RES by 15% for 12s.","Increases the Level of Riff Revolution by 3. Maximum upgrade level is 15.","Decrease the stamina consumption of Xinyan Charged Attacks by 30%. Additionally, Xinyan Charged Attack gain an ATK bonus equal to 50% of her DEF."
51,"Each time Great Secret Art: Tenko Kenshin activates a Tenko Thunderbolt, Yae Miko will restore 8 Elemental Energy for herself.","Sesshou Sakura start at Level 2 when created, their max level is increased to 4, and their attack range is increased by 60%.","Increases the Level of Yakan Evocation: Sesshou Sakura by 3. Maximum upgrade level is 15.","When Sesshou Sakura lightning hits opponents, the Electro DMG Bonus of all nearby party members is increased by 20% for 5s.","Increases the Great Secret Art: Tenko Kenshin by 3. Maximum upgrade level is 15.","The Sesshou Sakura's attacks will ignore 60% of the opponents' DEF."
52,"When Yanfei uses her Charged Attacks,each existing Scarlet Seal additionally reduces the stamina cost of this Charged Attack by 10% and increases resistance against interruption during its release.","Increases Yanfei's Charged Attack CRIT rate by 20% against enemies below 50% HP.","Increases the Level of Signed Edict by 3. Maximum upgrade level is 15.","When Done Deal is used: Creates a shield which absorbes upto 45% of Yanfei's Max HP for 15s. This shield absorbes Pyro DMG 250% more efficiently.","Increases the Level of Done Deal by 3. Maximum upgrade level is 15.","Increases the maximum number of Scarlet Seals by 1."
53,"Lingering Lifeline gains 1 additional charge.","When Exquisite Throw conducts a coordinated attack, it will fire an additional water arrow that will deal 14% of Yelan's Max HP as Hydro DMG. This effect can trigger once every 1.8s.","Increases the level of Depth-Clarion-Dice by 3. Maximum upgrade level is 15.","Increases all party members' Max HP by 10% for 25s for every opponent marked by Lifeline when the Lifeline explodes. A maximum increase of 40% Max HP can be attained in this manner.","Increases the Level of Lingering Lifeline by 3. Maximum upgrade level is 15.","After using Depth-Clarion Dice, Yelan will enter will enter the Mastermind state. In this state, all of Yelan's Normal Attacks will be special Breakthrough Barbs. These Breakthrough Barbs will have similar abilities to normal ones and the DMG dealt will be considered Charged Attack DMG, dealing 156% of a normal Breakthrough Barb's DMG.  The mastermind state lasts 20s and will be cleared after Yelan fires 5 arrows."
54,"The Aurous Blaze created by Ryuukin Saxifrage lasts for an extra 4s. Additionally, when an opponent affected by Aurous Blaze is defeated within its duration, Yoimiya's ATK is increased by 20% for 20s.","When Yoimiya's Pyro DMG scores a CRIT Hit, Yoimiya will gain a 25% Pyro DMG Bonus for 6s. This effect can be triggered even when Yoimiya is not the active character.","Increase the Level of Niwabi Fire-Dance by 3. Maximum upgrade level is 15.","When Yoimiya's own Aurous Blaze triggers an explosion, Niwabi Fire-Dance's CD is decreased by 1.2.","Increases the Level of Ryuukin Saxifrage by 3. Maximum upgrade level is 15.","During Niwabi Fire-Dance, Yoimiya's Normal Attacks have a 50% chance of firing an extra Kindling Arrow that deals 60% of its original DMG. This DMG is considered Normal Attack DMG."
55,"Opening Flourish's CD is decreased by 18%.","After Cliffbreaker's Banner is unleashed, all nearby party members' Normal Attack DMG is increased by 15% for 12s.","Increases the Level of Cliffbreaker's Banner by 3. Maximum upgrade level is 15.","When Yun Jin triggers the Crystallize Reaction, her DEF is increased by 20% for 12s.","Increases the Level of Opening Flourish by 3. Maximum upgrade level is 15.","Characters under the effects of the Flying Cloud Flag Formation have their Normal ATK SPD increased by 12%."
56,"Increases the maximum number of Stone Steles created by Dominus Lapidis that may exist simultaneously by 2.","Planet Befall grants nearby characters on the field a Jade Shield when it descends.","Increases the Level of Dominus Lapidis by 3. Maximum upgrade level is 15.","Increases Planet Befall's AoE by 20% and increases the duration of Planet Befall's Petrification effect by 2s.","Increase the Level of Planet Befall by 3. Maximum upgrade level is 15.","When the Jade Shield takes DMG, 40% of that incoming DMG is converted to HP for the current character. A single instance of regeneration cannot exceed 8% of that character's Max HP."
